no,sequence,type
>sp|P0A9R3,MKSMDKLTTGVAYGTSAGSAGYWFLQLLDKVTPSQWAAIGVLGSLVFGLLTYLTNLYFKIKEDKRKAARGE,Endolysins
>sp|P51728,MSKKFGAMILCSAAAVAAAFFAQQKGLPTQQQNQVSPKAVSMIVNLEGCVRNPYKCPADVWTNGVGNTHNVDKTKILTIDEVATDLRRNIKEAENCINTYFNGEKMNQGQYDAMVSLAFNVGCGNIKTYYSKTQGKRVATTIYRAAQAENWILMCNRIEDFNKSGGRVLKGLQNRRAKEKALCLGE,Endolysins
>sp|O64362,MANRAKLSAAVLSLILAGASAPQILDQFLDEKEGNSLTAYKDGSGIWTICRGATMVDGKPVMQGMKLTQAKCNQVNAIERNKALAWVDRNIKVPLTEPQKAGIASFCPYNIGPGKCFPSTFYKRLNAGDRHGACEAIRWWIKDGGRDCRLTKGQKNGCYGQVERRDQESALTCWEIDQ,Endolysins
>sp|P07582,MSKDSAFAVQYSLRALGQKVRADGVVGSETRAALDALPENQKKAIVELQALLPKAQSVGNNRVRFTTAEVDSAVARISQKIGVPASYYQFLIPIENFVVAGGFETTVSGSFRGLGQFNRQTWDRLRRLGRNLPAFEEGSAQLNASLYAIGFLYLENKRAYEASFKGRVFTHEIAYLYHNQGAPAAEQYLTSGRLVYPKQSEAAVAAVAAARNQHVKESWA,Endolysins
>sp|P19385,MVKKNDLFVDVASHQGYDISGILEEAGTTNTIIKVSESTSYLNPCLSAQVSQSNPIGFYHFAWFGGNEEEAEAEARYFLDNVPTQVKYLVLDYEDHASASVQRNTTACLRFMQIIAEAGYTPIYYSYKPFTLDNVDYQQILAQFPNSLWIAGYGLNDGTANFEYFPSMDGIRWWQYSSNPFDKNIVLLDDEKEDNINNENTLKSLTTVANEVIQGLWGNGQERYDSLANAGYDPQAVQDKVNEILNAREIADLTTVANEVIQGLWGNGQERYDSLANAGYDPQAVQDKVNEILNAREIADLTTVANEVIQGLWGNGQERYDSLANAGYDPQAVQDKVNELLS,Endolysins
>sp|Q37894,MFYSKNAYLSMKEMTVNAQYILNYLLPRGWTKNAICGMLGNMQTESTINPGIWQNLDEGNTSLGFGLVQWTPATKYLNWADRNGLKRDHMDSQLKRILWEVDNNEQWINLRNMTFKEFTKSTKSANELAMIFLASYERPANPNQPERGTQAEYWFKTLTGKGSTGIQLAQFPMDIINITQGENGSFSHKGTLCIDFVGKHEKYPYYAPCDCTCVWRGDESAYLAWTSDKEVMCADGTVRYITWVCVHDENLLYNVGKKLKKGELMGHSGKGGRATGDHLHLNVIEGNKYQGWVKKPDSALAGTELHIYDVFAVNGVEIVNGLGYDWKTSDWVDGSDENNGDDKDKDKDETKNIVNLLLCGALNGW,Endolysins
>sp|P21270,MDPRLREEVVRLIIALTSDNGASLSKRLQSRVSALEKTSQIHSDTILRITQGLDDANKRIIALEQSRDDLVASVSDAQLAISRLESSIGALQTVVNGLDSSVTQLGARVGQLETGLADVRVDHDNLVARVDTAERNIGSLTTELSTLTLRVTSIQADFESRISTLERTAVTSAGAPLSIRNNRITMGLNDGLTLSGNNLAIRLPGNTGLNIQNGGLQFRFNTDQFQIVNNNLTLKTTVFDSINSRIGATEQSYVASAVTPLRLNSSTKVLDMLIDMSTLEINSSGQLTVRSTSPNLRYPIADVSGGIGMSPNYRFR,Endolysins
>sp|Q9T1T5,MHISEKGLVLIKRYEGLRLKAYQCRAGRWTLGYGHTHNLNIGDVITQEQAEAFLREDIAQVTALLNTQIKVPLTQNQYDAICSLVFNIGMTAFTTSTLLKKLNVGDYSGASAEFMKWSKAKVNGKRTPLPGLIKRRQAEKALFESA,Endolysins
>sp|P62692,MKVSQNGLNLIKEFEGCRLTAYKPVPWEQMYTIGWGHYGVTAGTTWTQAQADSQLEIDINNKYAPMVDAYVKGKANQNEFDALVSLAYNCGNVFVADGWAPFSHAYCASMIPKYRNAGGQVLQGLVRRRQAELNLFNKPVSSNSNQNNQTGGMIKMYLIIGLDNSGKAKHWYVSDGVSVRHVRTIRMLENYQNKWAKLNLPVDTMFIAEIEAEFGRKIDMASGEVK,Endolysins
>sp|Q37875,MKGKTAAGGGAICAIAVMITIVMGNGNVRTNQAGLELIGNAEGCRRDPYMCPAGVWTDGIGNTHGVTPGVRKTDQQIAADWEKNILIAERCINQHFRGKDMPDNAFSAMTSAAFNMGCNSLRTYYSKARGMRVETSIHKWAQKGEWVNMCNHLPDFVNSNGVPLRGLKIRREKERQLCLTGLVNE,Endolysins
>sp|O80292,MAMSPALRNSVMAAISGGAIAIASVLITGPGGNDGLEGVRYKPYKDVVGVLTVCYGHTGKDIMPGKTYTEAECKALLNKDLITVARQINPYIKVDIPETTRGALYSFVYNVGAGNFRTSTLLRKINQGDIKGACDQLRRWTYAGGKQWKGLMTRREVERDVCLWGKQ,Endolysins
>sp|P33486,MTKTYGVDVAVYQPIDLAAYHKAGASFAIVKLTEGVDYVNRRGPSRWTAPGLTTSTLMPTISRSFGSSVSRAKKEAAYFLKEAKKQDISKKRMLWLDWEAGSGNVVTGSKSSNTAAILDFMDAIKAAGWRPGLYSGASLMRTAIDTKQVVKKYGTCLWVASYPTMAAVSTADFGYFRQWTGSPSGSLPVTAWPGRRRERCSG,Endolysins
>sp|P09425,MANINKLYSDIDPEMKMDWNKDVSRSLGLRSIKNSLLGIITTRKGSRPFDPEFGCDLSDQLFENMTPLTADTVERNIESAVRNYEPRIDKLAVNVIPVYDDYTLIVEIRFSVIDNPDDIEQIKLQLASSNRV,Endolysins
>sp|O03979,MGVDIEKGVAWMQARKGRVSYSMDFRDGPDSYDCSSSMYYALRSAGASSAGWAVNTEYMHAWLIENGYELISENAPWDAKRGDIFIWGRKGASAGAGGHTGMFIDSDNIIHCNYAYDGISVNDHDERWYYAGQPYYYVYRLTNANAQPAEKKLGWQKDATGFWYARANGTYPKDEFEYIEENKSWFYFDDQGYMLAEKWLKHTDGNWYWFDRDGYMATSWKRIGESWYYFNRDGSMVTGWIKYYDNWYYCDATNGDMKSNAFIRYNDGWYLLLPDGRLADKPQFTVEPDGLITAKV,Endolysins
>sp|Q37896,MNISQAGINLIKSFEGLRTKAYKAVPTEKYYTIGYGHYGSDVHPCQVISEEKAEKLLRDDVQEFVDGVDKLLKVDVTQSQFDALVSFAYNVGLGALKSSTLLQYLNAGNFQKAANEFLKWNKSGGKVYNGLVKRREQERTLFLTGESKNVSRETSKPKTSKTNTHVVKKGDTLSEIAKKIKTSTKTLLELNPTIKNPNKIYVGQRINVGGSPVKSTLKYKIKRGETLTGIAKKNKTTVSQLMKLNPNIKNANNIYAGQTIRLK,Endolysins
>sp|Q9T1X2,MAGIPKKLKAALLAVTIAGGGVGGYQEMTRQSLIHLENIAYMPYRDIAGVLTVCVGHTGPDIEMRRYSHAECMALLDSDLKPVYAAIDRLVRVPLTPYQKTALATFIFNTGVTAFSKSTLLKKLNAGDYAGARDQMARWVFAAGHKWKGLMNRREVEMAIWNIRGADDLRQ,Endolysins
>sp|P51771,MPVINTHQNIAAFLDMLAVSEGTANHPLTKNRGYDVIVTGLDGKPEIFTDYSDHPFAHGRPAKVFNRRGEKSTASGRYQQLYLFWPHYRKQLALPDFSPLSQDRLAIQLIRERGALDDIRAGRIERAISRCRNIWASLPGAGYGQREHSLEKLVTVWRTAGGVPA,Endolysins
>sp|Q9T1T7,MSEFCKPLLDILRHQGTCAALAFIMALLRARYHRKDFYRSLLDALMCAMLGGVAHELLQFLGLKADYSWLASVAIGYLGVDRIGNWLKKKTGKL,Endolysins
>sp|P20331,MAKVQFKPRATTEAIFVHCSATKPSQNVGVREIRQWHKEQGWLDVGYHFIIKRDGTVEAGRDELAVGSHAKGYNHNSIGVCLVGGIDDKGKFDANFTPAQMQSLRSLLVTLLAKYEGSVLRAHHDVAPKACPSFDLKRWWEKNELVTSDRG,Endolysins
>sp|P32762,MDIDRNRLRTGLPQVGVQPYRQVHAHSTGNRNSTVQNEADYHWRKDPELGFFSHVVGNFRIMQVGPVNNGSWDVGGGWNAETYAAVELIESHSTKEEFMADYRLYIELLRNLADEAGLPKTLDTDDLAGIKTHEYCTNNQPNNHSDHVDPYPYLASWGISREQFKQDIENGLSAATGWQKNGTGYWYVHSDGSYSKDKFEKINGTWYYFDGSGYMLSDRWKKHTDGNWYYFDQSGEMATGWKKIADKWYYFDVEGAMKTGWVKYKDTWYYLDAKEGAMVSNAFIQSADGTGWYYLKPDGTLADKPEFTVEPDGLITVK,Endolysins
>sp|P16009,MEMISNNLNWFVGVVEDRMDPLKLGRVRVRVVGLHPPQRAQGDVMGIPTEKLPWMSVIQPITSAAMSGIGGSVTGPVEGTRVYGHFLDKWKTNGIVLGTYGGIVREKPNRLEGFSDPTGQYPRRLGNDTNVLNQGGEVGYDSSSNVIQDSNLDTAINPDDRPLSEIPTDDNPNMSMAEMLRRDEGLRLKVYWDTEGYPTIGIGHLIMKQPVRDMAQINKVLSKQVGREITGNPGSITMEEATTLFERDLADMQRDIKSHSKVGPVWQAVNRSRQMALENMAFQMGVGGVAKFNTMLTAMLAGDWEKAYKAGRDSLWYQQTKGRASRVTMIILTGNLESYGVEVKTPARSLSAMAATVAKSSDPADPPIPNDSRILFKEPVSSYKGEYPYVHTMETESGHIQEFDDTPGQERYRLVHPTGTYEEVSPSGRRTRKTVDNLYDITNADGNFLVAGDKKTNVGGSEIYYNMDNRLHQIDGSNTIFVRGDETKTVEGNGTILVKGNVTIIVEGNADITVKGDATTLVEGNQTNTVNGNLSWKVAGTVDWDVGGDWTEKMASMSSISSGQYTIDGSRIDIG,Endolysins
>sp|P37710,MKKESMSRIERRKAQQRKKTPVQWKKSTTLFSSALIVSSVGTPVALLPVTAEATEEQPTNAEVAQAPTTETGLVETPTTETTPGTTEQPTTDSSTTTESTTESSKETPTTPSTEQPTADSTTPVESGTTDSSVAEITPVAPSATESEAAPAVTPDDEVKVPEARVASAQTFSALSPTQSPSEFIAELARCAQPIAQANDLYASVMMAQAIVESGWGASTLSKAPNYNLFGIKGSYNGQSVYMDTWEYLNGKWLVKKEPFRKYPSYMESFQDNAHVLKTTSFQAGVYYYAGAWKSNTSSYRDATAWLTGRYATDPSYNAKLNNVITAYNLTQYDTPSSGGNTGGGTVNPGTGGSNNQSGTNTYYTVKSGDTLNKIAAQYGVSVANLRSWNGISGDLIFVGQKLIVKKGASGNTGGSGSGGSNNNQSGTNTYYTVKSGDTLNKIAAQYGVSVANLRSWNGISGDLIFVGQKLIVKKGASGNTGGSNNGGSNNNQSGTNTYYTIKSGDTLNKIAAQYGVSVANLRSWNGISGDLIFAGQKIIVKKGTSGNTGGSSNGGSNNNQSGTNTYYTIKSGDTLNKISAQFGVSVANLQAWNNISGSLIFAGQKIIVKKGANSGSTNTNKPTNNGGGATTSYTIKSGDTLNKISAQFGVSVANLRSWNGIKGDLIFAGQTIIVKKGASAGGNASSTNSASGKRHTVKSGDSLWGLSMQYGISIQKIKQLNGLSGDTIYIGQTLKVG,Autolysins
>sp|P06653,MEINVSKLRTDLPQVGVQPYRQVHAHSTGNPHSTVQNEADYHWRKDPELGFFSHIVGNGCIMQVGPVDNGAWDVGGGWNAETYAAVELIESHSTKEEFMTDYRLYIELLRNLADEAGLPKTLDTGSLAGIKTHEYCTNNQPNNHSDHVDPYPYLAKWGISREQFKHDIENGLTIETGWQKNDTGYWYVHSDGSYPKDKFEKINGTWYYFDSSGYMLADRWRKHTDGNWYWFDNSGEMATGWKKIADKWYYFNEEGAMKTGWVKYKDTWYYLDAKEGAMVSNAFIQSADGTGWYYLKPDGTLADKPEFTVEPDGLITVK,Autolysins
>sp|O31982,MSVFTNSYIPVNKYTRPGLKLQGVKKCVLHYTANPGAGADNHRRYFSNAQVYASAHIFVDKAEAICIIPLNEVAYHANDIQQRDSAGNPYRGVAALKPNANFLSIGVEMCLEKDGSFHSDTVERTEDVFVELCNKFGLDPIDDIVRHYDITHKNCPAPWVSNSQKFVDFKNRVKAKMSGKSVSKASPTKPTTSSPSSSSAVSGSLKSKVDGLRFYSKPSWEDKDVVGTVNKGIGFPTVVEKVKVGSAYQYKVKNSKGTTYYITASDKYVDVTGSVKTSSSAPKTTSTSSSSSSIKSVGKIKIVGVSSAAIVMDKPDRNSSKNIGTVKLGSTISISGSVKGKNNSNGWEVIYKGKRGYISGQFGSTI,Autolysins
>sp|Q02114,MRSYIKVLTMCFLGLILFVPTALADNSVKRVGGSNRYGTAVQISKQMYSTASTAVIVGGSSYADAISAAPLAYQKNAPLLYTNSDKLSYETKTRLKEMQTKNVIIVGGTPAVSSNTANQIKSLGISIKRIAGSNRYDTAARVAKAMGATSKAVILNGFLYADAPAVIPYAAKNGYPILFTNKTSINSATTSVIKDKGISSTVVVGGTGSISNTVYNKLPSPTRISGSNRYELAANIVQKLNLSTSTVYVSNGFSYPDSIAGATLAAKKKQSLILTNGENLSTGARKIIGSKNMSNFMIIGNTPAVSTKVANQLKNPVVGETIFIDPGHGDQDSGAIGNGLLEKEVNLDIAKRVNTKLNASGALPVLSRSNDTFYSLQERVNKAASAQADLFLSIHANANDSSSPNGSETYYDTTYQAANSKRLAEQIQPKLAANLGTRDRGVKTAAFYVIKYSKMPSVLVETAFITNASDASKLKQAVYKDKAAQAIHDGTVSYYR,Autolysins
>sp|P54450,MVTIKKDFIPVSNDNRPGYAMAPAYITVHNTANTAKGADAKMHAKFVKNPNTSESWHFTVDDSVIYQHLPIDENGWHAGDGTNGTGNRKSIGIEICENADGDFEKATSNAQWLIRKLMKENNIPLNRVVPHKKWSGKECPRKLLDHWNSFLNGISSSDTPPKETSPYPLPSGVIKLTSPYRKGTNILQLQKALAVLHFYPDKGAKNNGIDGVYGPKTANAVKRFQLMNGLTADGIYGPKTKAKLKSKLK,Autolysins
>sp|P24556,MQAKLTKNEFIERLKTSEGKQFNVDLWYGFQCFDYANAGWKVLFGLLLKGLGAKDIPFANNFDGLATVYQNTPDFLAQPGDMVVFGSNYGAGYGHVAWVIEATLDYIIVYEQNWLGGGWTDGIEQPAGVGKKLQDDNMLMISLCGLSVRILKVRQRHDQFNLLHKHPKKETAKPQPKAVELKIIKDVVKGYDLPKRGSNPKGIVIHNDAGSKGATAEAYRNGLVNAPLSRLEAGIAHSYVSGNTVWQALDESQVGWHTANQIGNKYYYGIEVCQSMGADNATFLKNEQATFQECARLLKKWGLPANRNTIRLHNEFTSTSCPHRSSVLHTGFDPVTRGLLPEDKRLQLKDYFIKQIRAYMDGKIPVATVSNESSASSNTVKPVASAWKRNKYGTYYMEESARFTNGNQPITVRKVGPFLSCPVGYQFQPGGYCDYTEVMLQDGHVWVGYTWEGQRYYLPIRTWNGSAPPNQILGDLWGEIS,Autolysins
>sp|Q2FK10,MLSLTMLLLERVGLIIILAYVLMNIPYFKNLMNRRRTWKARWQLCIIFSLFALMSNLTGIVIDHQHSLSGSVYFRLDDDVSLANTRVLTIGVAGLVGGPFVGLFVGVISGIFRVYMGGADAQVYLISSIFIGIIAGYFGLQAQRRKRYPSIAKSAMIGIVMEMIQMLSILTFSHDKAYAVDLISLIALPMIIVNSVGTAIFMSIIISTLKQEEQMKAVQTHDVLQLMNQTLPYFKEGLNRESAQQIAMIIKNLMKVSAVAITSKNEILSHVGAGSDHHIPTNEILTSLSKDVLKSGKLKEVHTKEEIGCSHPNCPLRAAIVIPLEMHGSIVGTLKMYFTNPNDLTFVERQLAEGLANIFSSQIELGEAETQSKLLKDAEIKSLQAQVSPHFFFNSINTISALVRINSEKARELLLELSYFFRANLQGSKQHTITLDKELSQVRAYLSLEQARYPGRFNININVEDKYRDVLVPPFLIQILVENAIKHAFTNRKQGNDIDVSVIKETATHVRIIVQDNGQGISKDKMHLLGETSVESESGTGSALENLNLRLKGLFGKSAALQFESTSSGTTFWCVLPYERQEEE,Autolysins
>sp|Q9CIT4,MPVSRIKVKNRHLKKKAKKPLAFYKPATKFAGAVLIAGTLTTTHELLLQQTSPMVQAATNSTEAFIESIAASAKPVADSNGLYPSVMIAQAILESNWGSSQLSRAPYYNLFGIQGTYQGKSVVFKTQEYLNGKWVTKDMPFRVYPSFNQSFQDNAYVLKTTNFGNGPYYAKAWRANAATYQAATAALTGKYATDPNYGASLNRIISQYNLTRFDGASSAGTSNSGGSTATNTNNNSNTSSTTYTVKSGDTLWGISQKYGISVAQIQSANNLKSTVIYIGQKLVLTTSSSSSNTNSSTSSGNSAGTTTPTTSVTPAKPASQTTIKVKSGDTLWGLSVKYKTTIAQLKSWNHLNSDTIFIGQNLIVSQSAGSSSSSTGSSSASTSSTSNSSAASNTSIHKVVKGDTLWGLSQKSGSPIASIKAWNHLSSDTILIGQYLRIK,Autolysins
>sp|O34055,MLLPEIDEKATVKRCKRKLREYPRWREIAHDSAEQKITQEFTFMPRGGSGVNKPVENIAVRRVDALSELEAIEQAVNGLYRPDYRRILIEKYLAYPPQPNWKIAQAIGFERTAFQELLKHSILAFAELYRNGQLVVER,Autolysins
>sp|Q02113,MKSCKQLIVCSLAAILLLIPSVSFAADSNISVKLLNYIGNKSSISLSPTGFYKVTGDNVAVTDRFAGASRYETATLASNSQWKNPNTVILVNRDIFIDALPVIPLAKKLNAPVLFTQPDTLTKTTERQIAKFNPDNILIIGGARSISKDVENKLKSYGAVKRISGKNRYVLSENIAKQMGSYDKAIVVTGRVFQDALAIAPYAAAHGYPILLTEKDKLPDYDLPKQVIIIGSSFSVSDSVENQIKKTSTVQRIPGSTRYELTANIIKQLKLKADKVVMTNGTKYADVLIGASLASKKNSQILFVKQDSVPAAAKSITKDKATYAYDFIGSTSSISAEVENSLADEFYLADGGTYNLKINSGKLNLENIKTYGNSLRIKPENYSTSNRISLDGKQYLGTVNFSIESTKYIRPVNENIPFEDYLKGVIPNEMPASWSLEALKAQTVAARTYSITKTGTTVPDTTAFQVYGGYSWNSNTNKAVEQTKGKVLKYNGSLITAAYSSSNGGYTEASNEVWSSSVPYLIAKKDTKDPQIGWTLTLSKQQLDTKSLDLTKPSSWWSSATETDSARLSGVKNWILKNKETSADSVKIASIDDLSFSGTTQGQRAKTASMKVKYFVKSSTGSYNLSKITTISVPTSELRTMIGATVFKSTYVTVKKDTSKYTISGKGYGHGIGMSQYGAKARAEAGDSYSSILKFYYPGTTLTSY,Autolysins
>sp|Q06320,MVKIFIDPGHGGSDPGATGNGLQEKTLTLQIALALRTILTNEYEGVSLLLSRTSDQYVSLNDRTNAANNWGADFFLSIHVNSGGGTGFESYIYPDVGAPTTTYQSTIHSEVIQAVDFADRGKKTANFHVLRESAMPALLTENGFIDTVSDANKLKTSSFIQSLARGHANGLEQAFNLKKTSSSGLYKVQIGAFKVKANADSLASNAEAKGFDSIVLLKDGLYKVQIGAFSSKDNADTLAARAKNAGFDAIVILES,Autolysins
>sp|P36550,MVKVVKNFVKVNQYTRPGLKLAGVKGIVMHYTATPGASALNERDYFNGTCIAIKRKASSAHYFVDRKEAQHIIPENEVAYHAHDKNRCYVSFLKPNANTKSISVEMCVEKDGMIHSETVQNAAELVADLCKRYGLSTNKIVRHYDVTNKICPAPWVSDSSQLTTFRKKVDSLLGNKTVSKTTSSTSQSSKSTGTILKKGASGSQVKALQKRLIAAGFSLPKYGADGSYENETVQAVKALQKKAGIAVDGIYGPATEKALAAIGAKKKKPSSNGKKTSYPLPSGIYKVKSPLMKGTGVRQIQEALAALYFYPDKGAKNNGIDGYYGPKTANAVKRFQLMHGLSADGIYGSDTKAKLKTLLK,Autolysins
>sp|O32083,MARKKLKKRKLLISLFFLVSIPLALFVLATTLSKPIEISKETEEIDEQQVFIDSLSGHAQILYEKYHVLPSITIAQAILESDWGNSELAAKANNLFGVKGNYKGHHVTMETDEVEKGKRKTIRAKFRKYSTFFESMDDHAQLFVRGTSWNKKKYKPVLEAGNYKEAATALQTSGYATDPDYADKISAIVEKYDLDEYDEVNPSLKSVDLNASIKDSAVQDVWSKPSTDDRSIRLTSAQSYVGKDIKVVSKKQKGQSVWYQFQINDKLIGWIDDSAVEIKEAT,Autolysins
>sp|O34391,MSIPVKKNLVSEAKYALKCPNAMSAEYITIHNTANDASAANEISYMIGNTSSTSFHFAVDDQEVIQGLPLNRNAWHTGDGTNGPGNRKSIGVEICYSKSGGPKYEAAEALAISFVAQLLKERGWGIDRVRKHQDWSGKYCPHRILSEGRWDQVKAAIEKELNGGVSAKKAAVSSSASEYHVKKGDTLSGIAASHGASVKTLQSINHITDPNHIKIGQVIKLPQTASASKSHAASSYPLPSGVIKVTSPLTQGTKVKQVQTALAALYFYPDKGAKNHGVDGVYGPKTANAVKRFQSVSGLTADGIYGPKTKAKMEEKL,Autolysins
>sp|P81528,VAVKATTTEEETEIPAK,Autolysins
>sp|Q5HH31,MAKKFNYKLPSMVALTLVGSAVTAHQVQAAETTQDQTTNKNVLDSNKVKATTEQAKAEVKNPTQNISGTQVYQDPAIVQPKTANNKTGNAQVSQKVDTAQVNGDTRANQSATTNNTQPVAKSTSTTAPKTNTNVTNAGYSLVDDEDDNSENQINPELIKSAAKPAALETQYKTAAPKAATTSAPKAKTEATPKVTTFSASAQPRSVAATPKTSLPKYKPQVNSSINDYIRKNNLKAPKIEEDYTSYFPKYAYRNGVGRPEGIVVHDTANDRSTINGEISYMKNNYQNAFVHAFVDGDRIIETAPTDYLSWGVGAVGNPRFINVEIVHTHDYASFARSMNNYADYAATQLQYYGLKPDSAEYDGNGTVWTHYAVSKYLGGTDHADPHGYLRSHNYSYDQLYDLINEKYLIKMGKVAPWGTQSTTTPTTPSKPTTPSKPSTGKLTVAANNGVAQIKPTNSGLYTTVYDKTGKATNEVQKTFAVSKTATLGNQKFYLVQDYNSGNKFGWVKEGDVVYNTAKSPVNVNQSYSIKPGTKLYTVPWGTSKQVAGSVSGSGNQTFKASKQQQIDKSIYLYGSVNGKSGWVSKAYLVDTAKPTPTPTPKPSTPTTNNKLTVSSLNGVAQINAKNNGLFTTVYDKTGKPTKEVQKTFAVTKEASLGGNKFYLVKDYNSPTLIGWVKQGDVIYNNAKSPVNVMQTYTVKPGTKLYSVPWGTYKQEAGAVSGTGNQTFKATKQQQIDKSIYLFGTVNGKSGWVSKAYLAVPAAPKKAVAQPKTAVKAYTVTKPQTTQTVSKIAQVKPNNTGIRASVYEKTAKNGAKYADRTFYVTKERAHGNETYVLLNNTSHNIPLGWFNVKDLNVQNLGKEVKTTQKYTVNKSNNGLSMVPWGTKNQVILTGNNIAQGTFNATKQVSVGKDVYLYGTINNRTGWVNAKDLTAPTAVKPTTSAAKDYNYTYVIKNGNGYYYVTPNSDTAKYSLKAFNEQPFAVVKEQVINGQTWYYGKLSNGKLAWIKSTDLAKELIKYNQTGMALNQVAQIQAGLQYKPQVQRVPGKWTGANFNDVKHAMDTKRLAQDPALKYQFLRLDQPQNISIDKINQFLKGKGVLENQGAAFNKAAQMYGINEVYLISHALLETGNGTSQLAKGADVVNNKVVTNSNTKYHNVFGIAAYDNDPLREGIKYAKQAGWDTVSKAIVGGAKFIGNSYVKAGQNTLYKMRWNPAHPGTHQYATDVDWANINAKIIKGYYDKIGEVGKYFDIPQYK,Autolysins
>sp|P14892,MEIKQMLVPVSRYSVLCPYEMNPTEITFHNTYNDAPAINERNNVANNSTGTSFHIAVDDKEAIQLIPFNRNAWHAGDGTNGRGNRHSIGVEICYSQSGGARYRKAELNAVEVIAQLMIQFDIPISKVKTHQERNGKYCPHRMLDEGRVQWFKNQCANRASSIKNSNKTQETGKVEIIVNKFNKVVTYEFGTALVPEMLGMMDALGYESRIISYGDKQGLVRFETAYRQGNELDKATAWLDAKGLKYFYTKE,Autolysins
>sp|P50864,MRKKLKWLSFLLGFIILLFLFKYQFSNNDSWKPWSLPLSGKIIYLDPGHGGPDGGAVGGKLLEKDVTLEVAFRVRDYLQEQGALVIMTRESDTDLAPEGTKGYSRRKAEDLRQRVKLINHSEAELYISIHLNAIPSQKWSGAQSFYYGKYAENEKVAKYIQDELRRNLENTTRKAKRIHGIYLMQNVTKPGALIEVGFLSNPSEATLLGKPKYQDKVASSIYKGILRYFTEKGDPPE,Autolysins
>sp|P31178,MSLATRRFGAAAALLVAACVLCTAPAWAQNETTGTGMVKTKSAFRWIRPPPARPPPFRRPPPAQTPYVHKVEYTELQILCPQTIDSVTGYPMDDPRCNVPRATVAAGEEALTIRNEFELLNGDVLNVTLEEVDTPENPSRRRLLSIIREEQRTGRVLLATSAELPTPTFRLKSLKSILKGSQKEIYAGKPIDLRTIVYIMDFSSCKLSGWSAPATLTPEKVTSDMLRGASAPTNNLANYYGACSYEKTLFNPDNFLVLGPVPVPCIGGVTPPPRPPRPPRPPPRAGSTISSLSRRNDTYDDWWDLSKYCTASEQQAWERAAEAYAQAIVAQDPNSATGKKLQGILQWRERRRNIYILPPGVKCSWSGYADVTCTSATCSAYVRGYSDTNAMQVIMHEAMHNYGLEHAGRGTLEYGDATDVMGDFNKAGKGLLCPNAPNMYRIGWAKPINEPGVAPFQNATGAWGNLTAANFTTDPWIRGLVIPAQGTRDDNMIVVNVGAQSTRDGAMKATGAQAYYFSYRIKNTTAGGYDSGLTLDFHKKVLVHAYNGIQSERVFGFKSNLLDWGPNFQSRSNTWTSPFLAYNNGLGGGVRLVVQSTSDTQAVVDICRISENGKELSCDDGIDNDCDGLQDNEDPDCQ,Autolysins
>sp|O33599,"MKKLTAAAIATMGFATFTMAHQADAAETTNTQQAHTQMSTQSQDVSYGTYYTIDSNGDYHHTPDGNWNQAMFDNKEYSYTFVDAQGHTHYFYNCYPKNANANGSGQTYVNPATAGDNNDYTASQSQQHINQYGYQSNVGPDASYYSHSNNNQAYNSHDGNGKVNYPNGTSNQNGGSASKATASGHAKDASWLTSRKQLQPYGQYHGGGAHYGVDYAMPENSPVYSLTDGTVVQAGWSNYG
GGNQVTIKEANSNNYQWYMHNNRLTVSAGDKVKAGDQIAYSGSTGNSTAPHVHFQRMSGGIGNQYAVDPTSYLQSR",Autolysins
>sp|P34020,MKGIDIYSGQGSVDFNAVKESGVEVVYIKATEGLTYTDSTYKDFYDGAKNAGLKIGFYHYLRANDPTSEAEHFFNTISGLSLDCKCAIDVEVTLGQSIDQISSNVRKFADYLINKGLDVCVYTYTNFYKDNLNSTVKDLPLWIAEYGVSKPNIDASYVGFQYSDSGSVNGISGSADLDEFSEGILVGGTVVIDPGQGGDDNIKAIQQDLNILLKRGLEVDGIEGPETEAAIKDFQSIMGLTVDGIWGTNTSGAAQQIFSRPLDGVAYPHYEYATRYIQYRVGASVDGTFGSGTKAKVAAWQSNQGLMADGVVGSATWSKLLDEN,Autolysins
